{
  "net_pnl": -10.380370831802793,
  "win_rate": 33.33333333333333,
  "max_drawdown": 0.11058020650498716
}