{
  "net_pnl": -4.152148332719662,
  "win_rate": 33.33333333333333,
  "max_drawdown": 0.0442338829758091
}