{
  "net_pnl": 1.7262260550523933,
  "win_rate": 54.54545454545454,
  "max_drawdown": 0.1697974230029032
}