{
  "net_pnl": 3.4524521101157006,
  "win_rate": 54.54545454545454,
  "max_drawdown": 0.3389608962599854
}