{
  "net_pnl": -20.760741663612862,
  "win_rate": 33.33333333333333,
  "max_drawdown": 0.22114541152316314
}