{
  "net_pnl": 0.6904904220227763,
  "win_rate": 54.54545454545454,
  "max_drawdown": 0.06799527107308097
}