{
  "net_pnl": -1.9719355972465564,
  "win_rate": 100.0,
  "max_drawdown": 0.029895257553645454
}