{
  "net_pnl": 29.010725873606134,
  "win_rate": 100.0,
  "max_drawdown": 0.059006313766577424
}