{
  "net_pnl": 145.0536293680325,
  "win_rate": 100.0,
  "max_drawdown": 0.2949459111554192
}