{
  "net_pnl": -0.7887742388993502,
  "win_rate": 100.0,
  "max_drawdown": 0.011958833316936538
}