{
  "net_pnl": -3.943871194496751,
  "win_rate": 100.0,
  "max_drawdown": 0.05978443030265453
}