{
  "net_pnl": 72.52681468401715,
  "win_rate": 100.0,
  "max_drawdown": 0.1474997206870442
}