{
  "net_pnl": -22.108282932020302,
  "win_rate": 12.5,
  "max_drawdown": 0.221082829320203
}