{
  "net_pnl": -3.0967867654417205,
  "win_rate": 40.0,
  "max_drawdown": 0.07697263757678975
}