{
  "net_pnl": -4.421656586402605,
  "win_rate": 12.5,
  "max_drawdown": 0.04421656586402605
}