{
  "net_pnl": -15.48393382719587,
  "win_rate": 40.0,
  "max_drawdown": 0.3841579484597375
}