{
  "net_pnl": -11.054141466007422,
  "win_rate": 12.5,
  "max_drawdown": 0.11054141466007422
}