{
  "net_pnl": -7.741966913599754,
  "win_rate": 40.0,
  "max_drawdown": 0.19229920993366925
}